,occ_code,occ_title,tot_emp,h_median,a_median
4,11-1011,Chief Executives,"195,530",91.15,"189,600"
6,11-1021,General and Operations Managers,"2,289,770",48.52,"100,930"
11,11-2011,Advertising and Promotions Managers,"25,260",56.31,"117,130"
13,11-2021,Marketing Managers,"240,440",64.56,"134,290"
14,11-2022,Sales Managers,"379,050",59.72,"124,220"
16,11-2031,Public Relations and Fundraising Managers,"72,460",55.19,"114,800"
19,11-3011,Administrative Services Managers,"283,570",46.24,"96,180"
21,11-3021,Computer and Information Systems Managers,"391,430",68.53,"142,530"
23,11-3031,Financial Managers,"608,120",61.53,"127,990"
25,11-3051,Industrial Production Managers,"181,310",49.70,"103,380"
27,11-3061,Purchasing Managers,"69,490",57.18,"118,940"
29,11-3071,"Transportation, Storage, and Distribution Managers","124,810",45.54,"94,730"
31,11-3111,Compensation and Benefits Managers,"15,660",58.18,"121,010"
33,11-3121,Human Resources Managers,"143,580",54.47,"113,300"
35,11-3131,Training and Development Managers,"35,690",53.53,"111,340"
38,11-9013,"Farmers, Ranchers, and Other Agricultural Managers","4,770",32.67,"67,950"
40,11-9021,Construction Managers,"278,460",44.89,"93,370"
42,11-9031,"Education Administrators, Preschool and Childcare Center/Program","50,650",23.05,"47,940"
43,11-9032,"Education Administrators, Elementary and Secondary School","263,120",*,"95,310"
44,11-9033,"Education Administrators, Postsecondary","143,430",45.36,"94,340"
47,11-9041,Architectural and Engineering Managers,"188,290",67.67,"140,760"
49,11-9051,Food Service Managers,"219,160",26.08,"54,240"
53,11-9071,Gaming Managers,"4,300",35.91,"74,700"
55,11-9081,Lodging Managers,"37,050",25.67,"53,390"
57,11-9111,Medical and Health Services Managers,"372,670",47.95,"99,730"
59,11-9121,Natural Sciences Managers,"60,260",59.55,"123,860"
61,11-9131,Postmasters and Mail Superintendents,"13,770",36.52,"75,970"
63,11-9141,"Property, Real Estate, and Community Association Managers","202,550",28.05,"58,340"
65,11-9151,Social and Community Service Managers,"149,870",31.41,"65,320"
67,11-9161,Emergency Management Directors,"9,550",35.78,"74,420"
69,11-9199,"Managers, All Other","462,840",51.67,"107,480"
73,13-1011,"Agents and Business Managers of Artists, Performers, and Athletes","14,830",31.75,"66,040"
77,13-1031,"Claims Adjusters, Examiners, and Investigators","287,730",31.68,"65,900"
78,13-1032,"Insurance Appraisers, Auto Damage","15,200",30.06,"62,520"
80,13-1041,Compliance Officers,"300,900",33.10,"68,860"
82,13-1051,Cost Estimators,"211,600",30.79,"64,040"
85,13-1074,Farm Labor Contractors,200,22.19,"46,150"
88,13-1081,Logisticians,"169,820",35.86,"74,600"
90,13-1111,Management Analysts,"684,470",40.20,"83,610"
92,13-1121,"Meeting, Convention, and Event Planners","110,120",23.74,"49,370"
96,13-1141,"Compensation, Benefits, and Job Analysis Specialists","83,550",30.29,"63,000"
98,13-1151,Training and Development Specialists,"291,380",29.26,"60,870"
100,13-1161,Market Research Analysts and Marketing Specialists,"638,200",30.35,"63,120"
102,13-1199,"Business Operations Specialists, All Other","1,060,580",33.91,"70,530"
105,13-2011,Accountants and Auditors,"1,259,930",33.89,"70,500"
107,13-2021,Appraisers and Assessors of Real Estate,"57,900",26.43,"54,980"
109,13-2031,Budget Analysts,"52,810",36.65,"76,220"
111,13-2041,Credit Analysts,"74,820",34.38,"71,520"
113,13-2051,Financial Analysts,"306,200",41.18,"85,660"
114,13-2052,Personal Financial Advisors,"200,260",42.73,"88,890"
115,13-2053,Insurance Underwriters,"96,040",33.36,"69,380"
117,13-2061,Financial Examiners,"58,590",38.55,"80,180"
119,13-2071,Credit Counselors,"35,740",21.72,"45,180"
120,13-2072,Loan Officers,"304,950",30.31,"63,040"
122,13-2081,"Tax Examiners and Collectors, and Revenue Agents","54,550",26.17,"54,440"
123,13-2082,Tax Preparers,"68,090",18.94,"39,390"
125,13-2099,"Financial Specialists, All Other","128,760",33.79,"70,280"
129,15-1111,Computer and Information Research Scientists,"30,070",56.91,"118,370"
131,15-1121,Computer Systems Analysts,"587,970",42.66,"88,740"
134,15-1131,Computer Programmers,"230,470",40.52,"84,280"
135,15-1132,"Software Developers, Applications","903,160",49.82,"103,620"
136,15-1133,"Software Developers, Systems Software","405,330",52.89,"110,000"
139,15-1141,Database Administrators,"110,090",43.31,"90,070"
140,15-1142,Network and Computer Systems Administrators,"366,250",39.45,"82,050"
142,15-1150,Computer Support Specialists,"812,060",25.70,"53,470"
149,15-2011,Actuaries,"20,760",49.46,"102,880"
151,15-2021,Mathematicians,"2,580",48.99,"101,900"
153,15-2031,Operations Research Analysts,"104,200",40.09,"83,390"
155,15-2041,Statisticians,"39,920",42.20,"87,780"
161,17-1011,"Architects, Except Landscape and Naval","104,360",38.16,"79,380"
162,17-1012,Landscape Architects,"18,660",32.80,"68,230"
164,17-1021,Cartographers and Photogrammetrists,"11,050",30.98,"64,430"
165,17-1022,Surveyors,"45,310",30.09,"62,580"
168,17-2011,Aerospace Engineers,"63,960",55.39,"115,220"
170,17-2021,Agricultural Engineers,"1,630",37.07,"77,110"
172,17-2031,Biomedical Engineers,"18,970",42.57,"88,550"
174,17-2041,Chemical Engineers,"32,060",50.44,"104,910"
176,17-2051,Civil Engineers,"306,030",41.65,"86,640"
178,17-2061,Computer Hardware Engineers,"60,750",55.10,"114,600"
180,17-2071,Electrical Engineers,"186,490",46.46,"96,640"
181,17-2072,"Electronics Engineers, Except Computer","134,110",49.37,"102,700"
183,17-2081,Environmental Engineers,"53,070",42.13,"87,620"
185,17-2111,"Health and Safety Engineers, Except Mining Safety Engineers and Inspectors","26,230",42.85,"89,130"
186,17-2112,Industrial Engineers,"279,550",41.84,"87,040"
188,17-2121,Marine Engineers and Naval Architects,"11,350",44.50,"92,560"
190,17-2131,Materials Engineers,"26,930",44.42,"92,390"
192,17-2141,Mechanical Engineers,"303,440",42.00,"87,370"
194,17-2151,"Mining and Geological Engineers, Including Mining Safety Engineers","5,780",44.35,"92,250"
196,17-2161,Nuclear Engineers,"15,980",51.73,"107,600"
198,17-2171,Petroleum Engineers,"32,510",65.95,"137,170"
200,17-2199,"Engineers, All Other","142,030",46.62,"96,980"
203,17-3011,Architectural and Civil Drafters,"97,610",26.40,"54,920"
204,17-3012,Electrical and Electronics Drafters,"24,900",28.88,"60,070"
205,17-3013,Mechanical Drafters,"56,170",26.89,"55,920"
208,17-3021,Aerospace Engineering and Operations Technicians,"10,110",32.22,"67,010"
209,17-3022,Civil Engineering Technicians,"71,150",25.28,"52,580"
210,17-3023,Electrical and Electronics Engineering Technicians,"126,950",30.93,"64,330"
211,17-3024,Electro-Mechanical Technicians,"13,520",27.78,"57,790"
212,17-3025,Environmental Engineering Technicians,"17,310",24.31,"50,560"
213,17-3026,Industrial Engineering Technicians,"66,540",26.66,"55,460"
214,17-3027,Mechanical Engineering Technicians,"41,460",27.04,"56,250"
215,17-3029,"Engineering Technicians, Except Drafters, All Other","83,360",30.38,"63,200"
217,17-3031,Surveying and Mapping Technicians,"52,300",21.34,"44,380"
221,19-1011,Animal Scientists,"2,530",28.07,"58,380"
222,19-1012,Food Scientists and Technologists,"13,330",31.39,"65,300"
223,19-1013,Soil and Plant Scientists,"15,010",30.74,"63,950"
225,19-1021,Biochemists and Biophysicists,"28,500",44.85,"93,280"
226,19-1022,Microbiologists,"20,030",34.45,"71,650"
227,19-1023,Zoologists and Wildlife Biologists,"17,860",30.49,"63,420"
228,19-1029,"Biological Scientists, All Other","42,640",38.27,"79,590"
230,19-1031,Conservation Scientists,"22,200",29.48,"61,310"
231,19-1032,Foresters,"8,410",29.53,"61,410"
233,19-1041,Epidemiologists,"7,060",33.49,"69,660"
234,19-1042,"Medical Scientists, Except Epidemiologists","120,320",40.77,"84,810"
239,19-2011,Astronomers,"2,160",50.81,"105,680"
240,19-2012,Physicists,"17,620",58.15,"120,950"
242,19-2021,Atmospheric and Space Scientists,"9,310",45.25,"94,110"
244,19-2031,Chemists,"84,560",36.97,"76,890"
245,19-2032,Materials Scientists,"7,730",47.98,"99,800"
247,19-2041,"Environmental Scientists and Specialists, Including Health","80,480",34.20,"71,130"
248,19-2042,"Geoscientists, Except Hydrologists and Geographers","29,260",43.81,"91,130"
249,19-2043,Hydrologists,"6,290",38.16,"79,370"
251,19-2099,"Physical Scientists, All Other","17,380",51.55,"107,230"
254,19-3011,Economists,"18,650",50.16,"104,340"
256,19-3022,Survey Researchers,"11,690",27.74,"57,700"
258,19-3031,"Clinical, Counseling, and School Psychologists","110,490",37.01,"76,990"
259,19-3032,Industrial-Organizational Psychologists,780,46.76,"97,260"
260,19-3039,"Psychologists, All Other","13,480",48.45,"100,770"
262,19-3041,Sociologists,"2,710",39.45,"82,050"
264,19-3051,Urban and Regional Planners,"37,840",35.12,"73,050"
266,19-3091,Anthropologists and Archeologists,"6,020",30.01,"62,410"
267,19-3092,Geographers,"1,390",38.60,"80,300"
268,19-3093,Historians,"3,040",29.40,"61,140"
269,19-3094,Political Scientists,"5,660",56.52,"117,570"
270,19-3099,"Social Scientists and Related Workers, All Other","35,530",39.11,"81,340"
273,19-4011,Agricultural and Food Science Technicians,"21,290",19.65,"40,860"
275,19-4021,Biological Technicians,"77,450",21.39,"44,500"
277,19-4031,Chemical Technicians,"65,500",23.15,"48,160"
279,19-4041,Geological and Petroleum Technicians,"15,060",25.62,"53,300"
281,19-4051,Nuclear Technicians,"7,230",38.05,"79,140"
283,19-4061,Social Science Research Assistants,"34,550",22.42,"46,640"
285,19-4091,"Environmental Science and Protection Technicians, Including Health","32,600",22.20,"46,170"
286,19-4092,Forensic Science Technicians,"15,970",27.99,"58,230"
287,19-4093,Forest and Conservation Technicians,"30,220",17.88,"37,180"
288,19-4099,"Life, Physical, and Social Science Technicians, All Other","65,220",23.88,"49,670"
292,21-1012,"Educational, Guidance, School, and Vocational Counselors","285,460",27.07,"56,310"
293,21-1013,Marriage and Family Therapists,"48,520",24.08,"50,090"
294,21-1015,Rehabilitation Counselors,"106,860",17.13,"35,630"
298,21-1021,"Child, Family, and School Social Workers","320,170",22.24,"46,270"
299,21-1022,Healthcare Social Workers,"168,190",27.02,"56,200"
300,21-1023,Mental Health and Substance Abuse Social Workers,"116,750",21.56,"44,840"
303,21-1091,Health Educators,"58,780",26.07,"54,220"
304,21-1092,Probation Officers and Correctional Treatment Specialists,"87,660",25.49,"53,020"
305,21-1093,Social and Human Service Assistants,"392,300",16.22,"33,750"
310,21-2011,Clergy,"50,960",23.55,"48,990"
312,21-2021,"Directors, Religious Activities and Education","21,700",19.62,"40,810"
318,23-1011,Lawyers,"642,750",58.13,"120,910"
319,23-1012,Judicial Law Clerks,"16,350",25.74,"53,540"
321,23-1021,"Administrative Law Judges, Adjudicators, and Hearing Officers","14,280",48.00,"99,850"
322,23-1022,"Arbitrators, Mediators, and Conciliators","6,240",29.94,"62,270"
323,23-1023,"Judges, Magistrate Judges, and Magistrates","28,520",64.39,"133,920"
326,23-2011,Paralegals and Legal Assistants,"309,940",24.49,"50,940"
328,23-2091,Court Reporters,"14,490",27.48,"57,150"
329,23-2093,"Title Examiners, Abstractors, and Searchers","52,180",22.66,"47,130"
332,25-1000,Postsecondary Teachers,"1,517,100",*,"69,530"
384,25-2011,"Preschool Teachers, Except Special Education","424,520",14.32,"29,780"
385,25-2012,"Kindergarten Teachers, Except Special Education","131,160",*,"55,470"
387,25-2021,"Elementary School Teachers, Except Special Education","1,410,970",*,"58,230"
388,25-2022,"Middle School Teachers, Except Special and Career/Technical Education","609,970",*,"58,600"
389,25-2023,"Career/Technical Education Teachers, Middle School","11,940",*,"59,230"
391,25-2031,"Secondary School Teachers, Except Special and Career/Technical Education","1,051,570",*,"60,320"
392,25-2032,"Career/Technical Education Teachers, Secondary School","77,460",*,"60,250"
396,25-2053,"Special Education Teachers, Middle School","87,870",*,"60,250"
397,25-2054,"Special Education Teachers, Secondary School","142,360",*,"60,600"
401,25-3011,Adult Basic and Secondary Education and Literacy Teachers and Instructors,"57,750",25.79,"53,630"
403,25-3021,Self-Enrichment Education Teachers,"243,080",18.62,"38,720"
409,25-4011,Archivists,"6,370",25.11,"52,240"
410,25-4012,Curators,"12,280",25.86,"53,780"
411,25-4013,Museum Technicians and Conservators,"13,100",20.68,"43,020"
413,25-4021,Librarians,"125,750",28.39,"59,050"
415,25-4031,Library Technicians,"88,690",16.37,"34,040"
418,25-9011,Audio-Visual and Multimedia Collections Specialists,"9,540",23.85,"49,600"
420,25-9021,Farm and Home Management Advisors,"8,020",23.96,"49,840"
422,25-9031,Instructional Coordinators,"163,900",30.98,"64,450"
424,25-9041,Teacher Assistants,"1,331,560",*,"26,970"
430,27-1011,Art Directors,"40,210",44.60,"92,780"
431,27-1012,Craft Artists,"3,980",16.46,"34,240"
432,27-1013,"Fine Artists, Including Painters, Sculptors, and Illustrators","11,620",23.74,"49,380"
433,27-1014,Multimedia Artists and Animators,"28,560",34.87,"72,520"
436,27-1021,Commercial and Industrial Designers,"33,200",32.01,"66,590"
437,27-1022,Fashion Designers,"19,750",34.96,"72,720"
438,27-1023,Floral Designers,"43,360",13.08,"27,200"
439,27-1024,Graphic Designers,"217,810",24.21,"50,370"
440,27-1025,Interior Designers,"57,070",25.66,"53,370"
441,27-1026,Merchandise Displayers and Window Trimmers,"128,960",13.68,"28,450"
442,27-1027,Set and Exhibit Designers,"10,590",26.09,"54,270"
446,27-2011,Actors,"47,430",17.54,*
447,27-2012,Producers and Directors,"118,630",34.46,"71,680"
449,27-2021,Athletes and Sports Competitors,"10,800",*,"50,650"
450,27-2022,Coaches and Scouts,"236,970",*,"33,780"
451,27-2023,"Umpires, Referees, and Other Sports Officials","19,090",*,"27,020"
453,27-2031,Dancers,"9,720",16.31,*
454,27-2032,Choreographers,"5,090",22.98,"47,800"
456,27-2041,Music Directors and Composers,"12,160",23.86,"49,630"
457,27-2042,Musicians and Singers,"41,680",28.15,*
462,27-3011,Radio and Television Announcers,"27,780",15.97,"33,220"
463,27-3012,Public Address System and Other Announcers,"7,480",13.33,"27,720"
465,27-3021,Broadcast News Analysts,"5,890",32.15,"66,880"
466,27-3022,Reporters and Correspondents,"37,140",19.84,"41,260"
468,27-3031,Public Relations Specialists,"239,030",28.85,"60,000"
470,27-3041,Editors,"95,750",28.60,"59,480"
471,27-3042,Technical Writers,"50,350",34.54,"71,850"
472,27-3043,Writers and Authors,"45,210",29.89,"62,170"
474,27-3091,Interpreters and Translators,"57,140",24.00,"49,930"
478,27-4011,Audio and Video Equipment Technicians,"75,940",21.04,"43,770"
479,27-4012,Broadcast Technicians,"31,580",19.27,"40,080"
480,27-4013,Radio Operators,870,20.30,"42,220"
481,27-4014,Sound Engineering Technicians,"13,510",25.19,"52,390"
483,27-4021,Photographers,"49,560",16.35,"34,000"
485,27-4031,"Camera Operators, Television, Video, and Motion Picture","21,080",26.24,"54,570"
486,27-4032,Film and Video Editors,"28,160",30.12,"62,650"
492,29-1011,Chiropractors,"34,740",34.33,"71,410"
494,29-1021,"Dentists, General","113,000",73.00,"151,850"
495,29-1022,Oral and Maxillofacial Surgeons,"4,830",#,#
496,29-1023,Orthodontists,"5,350",#,#
497,29-1024,Prosthodontists,380,84.88,"176,540"
500,29-1031,Dietitians and Nutritionists,"64,670",29.02,"60,370"
502,29-1041,Optometrists,"37,220",53.75,"111,790"
504,29-1051,Pharmacists,"309,550",60.64,"126,120"
505,29-1060,Physicians and Surgeons,"679,280",#,#
515,29-1071,Physician Assistants,"114,710",52.22,"108,610"
517,29-1081,Podiatrists,"9,500",62.28,"129,550"
519,29-1122,Occupational Therapists,"126,900",40.51,"84,270"
520,29-1123,Physical Therapists,"228,600",42.27,"87,930"
521,29-1124,Radiation Therapists,"18,260",39.58,"82,330"
522,29-1125,Recreational Therapists,"18,840",23.01,"47,860"
523,29-1126,Respiratory Therapists,"129,600",28.98,"60,280"
524,29-1127,Speech-Language Pathologists,"146,900",37.26,"77,510"
528,29-1131,Veterinarians,"71,060",45.11,"93,830"
538,29-1181,Audiologists,"13,300",36.50,"75,920"
540,29-1199,"Health Diagnosing and Treating Practitioners, All Other","36,680",35.56,"73,960"
545,29-2021,Dental Hygienists,"215,150",35.97,"74,820"
547,29-2031,Cardiovascular Technologists and Technicians,"56,560",27.33,"56,850"
548,29-2032,Diagnostic Medical Sonographers,"71,130",34.86,"72,510"
549,29-2033,Nuclear Medicine Technologists,"18,810",36.93,"76,820"
553,29-2041,Emergency Medical Technicians and Paramedics,"257,210",16.50,"34,320"
555,29-2051,Dietetic Technicians,"33,540",13.05,"27,140"
556,29-2052,Pharmacy Technicians,"417,860",15.72,"32,700"
557,29-2053,Psychiatric Technicians,"71,360",15.80,"32,870"
558,29-2054,Respiratory Therapy Technicians,"9,090",24.62,"51,210"
559,29-2055,Surgical Technologists,"110,160",22.74,"47,300"
560,29-2056,Veterinary Technologists and Technicians,"106,680",16.55,"34,420"
563,29-2061,Licensed Practical and Licensed Vocational Nurses,"701,690",22.23,"46,240"
565,29-2071,Medical Records and Health Information Technicians,"208,650",19.40,"40,350"
567,29-2081,"Opticians, Dispensing","72,250",17.80,"37,010"
569,29-2091,Orthotists and Prosthetists,"8,830",33.23,"69,120"
574,29-9011,Occupational Health and Safety Specialists,"88,390",35.11,"73,020"
575,29-9012,Occupational Health and Safety Technicians,"18,020",24.41,"50,780"
577,29-9091,Athletic Trainers,"26,890",*,"47,510"
583,31-1011,Home Health Aides,"797,670",11.63,"24,200"
584,31-1013,Psychiatric Aides,"56,910",14.03,"29,180"
589,31-2011,Occupational Therapy Assistants,"42,660",28.95,"60,220"
590,31-2012,Occupational Therapy Aides,"7,700",13.54,"28,160"
592,31-2021,Physical Therapist Assistants,"94,250",27.91,"58,040"
593,31-2022,Physical Therapist Aides,"47,260",12.62,"26,240"
596,31-9011,Massage Therapists,"105,160",19.92,"41,420"
598,31-9091,Dental Assistants,"341,060",18.59,"38,660"
599,31-9092,Medical Assistants,"673,660",16.16,"33,610"
600,31-9093,Medical Equipment Preparers,"55,610",17.42,"36,240"
601,31-9094,Medical Transcriptionists,"53,730",16.72,"34,770"
602,31-9095,Pharmacy Aides,"36,970",12.72,"26,450"
603,31-9096,Veterinary Assistants and Laboratory Animal Caretakers,"89,480",13.24,"27,540"
609,33-1011,First-Line Supervisors of Correctional Officers,"43,760",30.45,"63,340"
610,33-1012,First-Line Supervisors of Police and Detectives,"116,660",42.80,"89,030"
612,33-1021,First-Line Supervisors of Fire Fighting and Prevention Workers,"65,920",36.70,"76,330"
617,33-2011,Firefighters,"321,570",23.85,"49,620"
619,33-2021,Fire Inspectors and Investigators,"12,530",30.05,"62,510"
620,33-2022,Forest Fire Inspectors and Prevention Specialists,"2,130",19.04,"39,600"
623,33-3011,Bailiffs,"18,900",22.00,"45,760"
624,33-3012,Correctional Officers and Jailers,"415,000",21.31,"44,330"
626,33-3021,Detectives and Criminal Investigators,"103,450",39.38,"81,920"
628,33-3031,Fish and Game Wardens,"6,040",27.75,"57,710"
630,33-3041,Parking Enforcement Workers,"8,070",19.15,"39,840"
632,33-3051,Police and Sheriff's Patrol Officers,"661,330",29.51,"61,380"
633,33-3052,Transit and Railroad Police,"4,470",35.59,"74,030"
636,33-9011,Animal Control Workers,"12,080",17.47,"36,330"
638,33-9021,Private Detectives and Investigators,"30,990",24.08,"50,090"
640,33-9031,Gaming Surveillance Officers and Gaming Investigators,"10,230",15.71,"32,680"
641,33-9032,Security Guards,"1,114,380",13.70,"28,490"
643,33-9091,Crossing Guards,"79,880",13.92,"28,960"
644,33-9092,"Lifeguards, Ski Patrol, and Other Recreational Protective Service Workers","144,370",10.77,"22,410"
650,35-1011,Chefs and Head Cooks,"128,600",23.30,"48,460"
651,35-1012,First-Line Supervisors of Food Preparation and Serving Workers,"964,400",15.60,"32,450"
654,35-2011,"Cooks, Fast Food","487,510",10.74,"22,330"
655,35-2012,"Cooks, Institution and Cafeteria","400,320",12.91,"26,860"
656,35-2013,"Cooks, Private Household",460,18.07,"37,590"
657,35-2014,"Cooks, Restaurant","1,340,810",12.76,"26,530"
658,35-2015,"Cooks, Short Order","155,840",11.44,"23,800"
661,35-2021,Food Preparation Workers,"814,600",11.41,"23,730"
664,35-3011,Bartenders,"631,480",10.84,"22,550"
666,35-3021,"Combined Food Preparation and Serving Workers, Including Fast Food","3,676,180",10.22,"21,250"
667,35-3022,"Counter Attendants, Cafeteria, Food Concession, and Coffee Shop","473,860",10.74,"22,330"
669,35-3031,Waiters and Waitresses,"2,582,410",10.47,"21,780"
671,35-3041,"Food Servers, Nonrestaurant","266,190",11.20,"23,290"
674,35-9011,Dining Room and Cafeteria Attendants and Bartender Helpers,"455,700",10.71,"22,270"
676,35-9021,Dishwashers,"504,770",10.93,"22,730"
678,35-9031,"Hosts and Hostesses, Restaurant, Lounge, and Coffee Shop","416,950",10.65,"22,160"
684,37-1011,First-Line Supervisors of Housekeeping and Janitorial Workers,"154,180",19.20,"39,940"
685,37-1012,"First-Line Supervisors of Landscaping, Lawn Service, and Groundskeeping Workers","101,390",23.18,"48,220"
688,37-2011,"Janitors and Cleaners, Except Maids and Housekeeping Cleaners","2,156,270",12.55,"26,110"
689,37-2012,Maids and Housekeeping Cleaners,"924,290",11.43,"23,770"
692,37-2021,Pest Control Workers,"77,300",17.12,"35,610"
695,37-3011,Landscaping and Groundskeeping Workers,"913,480",13.94,"29,000"
696,37-3012,"Pesticide Handlers, Sprayers, and Applicators, Vegetation","24,500",16.98,"35,320"
697,37-3013,Tree Trimmers and Pruners,"42,440",18.36,"38,190"
704,39-1021,First-Line Supervisors of Personal Service Workers,"228,620",18.46,"38,400"
707,39-2011,Animal Trainers,"14,830",14.08,"29,290"
709,39-2021,Nonfarm Animal Caretakers,"199,850",11.42,"23,760"
712,39-3011,Gaming Dealers,"92,530",9.68,"20,120"
713,39-3012,Gaming and Sports Book Writers and Runners,"11,150",11.74,"24,430"
716,39-3021,Motion Picture Projectionists,"4,840",10.94,"22,760"
718,39-3031,"Ushers, Lobby Attendants, and Ticket Takers","133,970",10.70,"22,260"
720,39-3091,Amusement and Recreation Attendants,"319,890",10.70,"22,260"
721,39-3092,Costume Attendants,"6,460",19.80,"41,190"
722,39-3093,"Locker Room, Coatroom, and Dressing Room Attendants","17,610",11.55,"24,030"
726,39-4011,Embalmers,"4,070",21.27,"44,250"
728,39-4021,Funeral Attendants,"35,340",12.69,"26,400"
733,39-5011,Barbers,"20,130",13.44,"27,960"
734,39-5012,"Hairdressers, Hairstylists, and Cosmetologists","377,210",11.89,"24,730"
736,39-5091,"Makeup Artists, Theatrical and Performance","3,140",30.89,"64,250"
737,39-5092,Manicurists and Pedicurists,"110,170",11.70,"24,330"
738,39-5093,Shampooers,"13,720",10.40,"21,640"
739,39-5094,Skincare Specialists,"50,740",15.05,"31,290"
742,39-6011,Baggage Porters and Bellhops,"42,350",11.64,"24,210"
743,39-6012,Concierges,"37,490",14.61,"30,400"
749,39-9011,Childcare Workers,"564,630",11.17,"23,240"
751,39-9021,Personal Care Aides,"2,211,950",11.55,"24,020"
753,39-9031,Fitness Trainers and Aerobics Instructors,"308,470",19.15,"39,820"
754,39-9032,Recreation Workers,"353,570",12.05,"25,060"
756,39-9041,Residential Advisors,"108,380",13.39,"27,860"
762,41-1011,First-Line Supervisors of Retail Sales Workers,"1,181,530",19.05,"39,630"
763,41-1012,First-Line Supervisors of Non-Retail Sales Workers,"247,570",35.29,"73,390"
766,41-2011,Cashiers,"3,635,550",10.78,"22,430"
767,41-2012,Gaming Change Persons and Booth Cashiers,"22,020",11.96,"24,880"
769,41-2021,Counter and Rental Clerks,"426,700",13.12,"27,290"
770,41-2022,Parts Salespersons,"254,870",14.63,"30,430"
772,41-2031,Retail Salespersons,"4,448,120",11.63,"24,200"
775,41-3011,Advertising Sales Agents,"133,110",24.87,"51,740"
777,41-3021,Insurance Sales Agents,"393,830",24.33,"50,600"
779,41-3031,"Securities, Commodities, and Financial Services Sales Agents","415,890",30.83,"64,120"
781,41-3041,Travel Agents,"69,480",18.61,"38,700"
786,41-4011,"Sales Representatives, Wholesale and Manufacturing, Technical and Scientific Products","312,980",38.31,"79,680"
787,41-4012,"Sales Representatives, Wholesale and Manufacturing, Except Technical and Scientific Products","1,350,180",28.13,"58,510"
790,41-9011,Demonstrators and Product Promoters,"81,250",13.92,"28,960"
791,41-9012,Models,"3,310",11.43,"23,770"
793,41-9021,Real Estate Brokers,"40,320",27.99,"58,210"
794,41-9022,Real Estate Sales Agents,"156,760",23.41,"48,690"
796,41-9031,Sales Engineers,"65,720",48.76,"101,420"
798,41-9041,Telemarketers,"164,160",12.14,"25,250"
800,41-9091,"Door-to-Door Sales Workers, News and Street Vendors, and Related Workers","9,430",12.71,"26,430"
805,43-1011,First-Line Supervisors of Office and Administrative Support Workers,"1,477,560",26.83,"55,810"
808,43-2011,"Switchboard Operators, Including Answering Service","71,600",14.14,"29,420"
810,43-2021,Telephone Operators,"5,160",17.91,"37,240"
815,43-3011,Bill and Account Collectors,"251,330",17.32,"36,020"
817,43-3021,Billing and Posting Clerks,"469,250",18.17,"37,800"
819,43-3031,"Bookkeeping, Accounting, and Auditing Clerks","1,530,430",19.35,"40,240"
821,43-3041,Gaming Cage Workers,"16,020",13.22,"27,490"
823,43-3051,Payroll and Timekeeping Clerks,"144,030",21.66,"45,050"
825,43-3061,Procurement Clerks,"68,100",20.51,"42,670"
827,43-3071,Tellers,"468,470",14.16,"29,450"
832,43-4011,Brokerage Clerks,"55,100",24.71,"51,400"
834,43-4021,Correspondence Clerks,"5,460",17.93,"37,290"
836,43-4031,"Court, Municipal, and License Clerks","142,350",18.48,"38,450"
838,43-4041,"Credit Authorizers, Checkers, and Clerks","29,980",18.63,"38,750"
840,43-4051,Customer Service Representatives,"2,871,400",16.23,"33,750"
842,43-4061,"Eligibility Interviewers, Government Programs","137,830",22.12,"46,020"
844,43-4071,File Clerks,"110,020",15.24,"31,700"
846,43-4081,"Hotel, Motel, and Resort Desk Clerks","260,780",11.39,"23,700"
848,43-4111,"Interviewers, Except Eligibility and Loan","192,820",16.38,"34,060"
850,43-4121,"Library Assistants, Clerical","88,970",12.74,"26,500"
852,43-4131,Loan Interviewers and Clerks,"222,620",19.18,"39,890"
854,43-4141,New Accounts Clerks,"41,500",17.21,"35,800"
856,43-4151,Order Clerks,"159,210",16.09,"33,460"
858,43-4161,"Human Resources Assistants, Except Payroll and Timekeeping","124,600",19.42,"40,390"
860,43-4171,Receptionists and Information Clerks,"1,043,630",14.01,"29,140"
862,43-4181,Reservation and Transportation Ticket Agents and Travel Clerks,"132,050",17.90,"37,220"
867,43-5011,Cargo and Freight Agents,"92,280",20.77,"43,210"
869,43-5021,Couriers and Messengers,"75,720",13.81,"28,720"
871,43-5031,"Police, Fire, and Ambulance Dispatchers","95,020",19.55,"40,660"
872,43-5032,"Dispatchers, Except Police, Fire, and Ambulance","199,880",18.98,"39,470"
874,43-5041,"Meter Readers, Utilities","33,570",19.40,"40,360"
876,43-5051,Postal Service Clerks,"78,830",26.58,"55,280"
877,43-5052,Postal Service Mail Carriers,"342,410",26.54,"55,210"
878,43-5053,"Postal Service Mail Sorters, Processors, and Processing Machine Operators","103,830",28.26,"58,770"
880,43-5061,"Production, Planning, and Expediting Clerks","350,150",22.88,"47,580"
882,43-5071,"Shipping, Receiving, and Traffic Clerks","655,590",15.88,"33,030"
884,43-5081,Stock Clerks and Order Fillers,"2,056,030",12.36,"25,700"
886,43-5111,"Weighers, Measurers, Checkers, and Samplers, Recordkeeping","65,830",15.53,"32,310"
889,43-6011,Executive Secretaries and Executive Administrative Assistants,"570,530",28.53,"59,340"
890,43-6012,Legal Secretaries,"176,880",22.29,"46,360"
891,43-6013,Medical Secretaries,"585,410",17.19,"35,760"
892,43-6014,"Secretaries and Administrative Assistants, Except Legal, Medical, and Executive","2,165,310",17.61,"36,630"
895,43-9011,Computer Operators,"34,700",22.04,"45,840"
897,43-9021,Data Entry Keyers,"174,930",15.47,"32,170"
898,43-9022,Word Processors and Typists,"53,130",19.11,"39,750"
900,43-9031,Desktop Publishers,"10,740",20.63,"42,910"
902,43-9041,Insurance Claims and Policy Processing Clerks,"274,560",19.07,"39,660"
904,43-9051,"Mail Clerks and Mail Machine Operators, Except Postal Service","86,150",14.63,"30,430"
906,43-9061,"Office Clerks, General","2,972,930",15.74,"32,730"
908,43-9071,"Office Machine Operators, Except Computer","48,580",15.76,"32,790"
910,43-9081,Proofreaders and Copy Markers,"9,820",18.82,"39,140"
912,43-9111,Statistical Assistants,"11,010",23.24,"48,330"
918,45-1011,"First-Line Supervisors of Farming, Fishing, and Forestry Workers","21,800",22.57,"46,960"
921,45-2011,Agricultural Inspectors,"13,240",21.22,"44,140"
923,45-2021,Animal Breeders,"2,160",17.82,"37,060"
925,45-2041,"Graders and Sorters, Agricultural Products","38,210",11.75,"24,430"
926,45-2090,Miscellaneous Agricultural Workers,"357,850",11.83,"24,600"
933,45-4011,Forest and Conservation Workers,"7,510",13.20,"27,460"
935,45-4021,Fallers,"4,680",21.19,"44,080"
936,45-4022,Logging Equipment Operators,"25,730",19.48,"40,510"
937,45-4023,Log Graders and Scalers,"3,330",18.38,"38,220"
942,47-1011,First-Line Supervisors of Construction Trades and Extraction Workers,"598,210",31.36,"65,230"
945,47-2011,Boilermakers,"13,870",29.88,"62,150"
947,47-2021,Brickmasons and Blockmasons,"63,930",24.49,"50,950"
948,47-2022,Stonemasons,"12,310",19.82,"41,220"
950,47-2031,Carpenters,"718,730",22.40,"46,590"
952,47-2041,Carpet Installers,"26,100",18.92,"39,340"
953,47-2042,"Floor Layers, Except Carpet, Wood, and Hard Tiles","14,050",20.56,"42,760"
954,47-2043,Floor Sanders and Finishers,"4,460",18.04,"37,510"
955,47-2044,Tile and Marble Setters,"39,130",20.12,"41,840"
957,47-2051,Cement Masons and Concrete Finishers,"186,400",20.67,"43,000"
958,47-2053,Terrazzo Workers and Finishers,"2,730",20.43,"42,500"
960,47-2061,Construction Laborers,"1,001,470",17.21,"35,800"
962,47-2071,"Paving, Surfacing, and Tamping Equipment Operators","46,760",19.13,"39,780"
963,47-2072,Pile-Driver Operators,"3,450",28.21,"58,680"
964,47-2073,Operating Engineers and Other Construction Equipment Operators,"383,480",22.98,"47,810"
966,47-2081,Drywall and Ceiling Tile Installers,"101,900",21.03,"43,730"
967,47-2082,Tapers,"18,320",26.48,"55,080"
969,47-2111,Electricians,"655,840",26.53,"55,190"
971,47-2121,Glaziers,"50,940",20.94,"43,550"
973,47-2131,"Insulation Workers, Floor, Ceiling, and Wall","31,840",18.50,"38,480"
974,47-2132,"Insulation Workers, Mechanical","24,610",22.95,"47,740"
976,47-2141,"Painters, Construction and Maintenance","228,420",18.72,"38,940"
977,47-2142,Paperhangers,"2,780",18.31,"38,090"
979,47-2151,Pipelayers,"38,070",18.54,"38,560"
980,47-2152,"Plumbers, Pipefitters, and Steamfitters","438,070",25.92,"53,910"
982,47-2161,Plasterers and Stucco Masons,"24,870",20.93,"43,540"
984,47-2171,Reinforcing Iron and Rebar Workers,"18,360",23.23,"48,320"
986,47-2181,Roofers,"128,680",19.22,"39,970"
988,47-2211,Sheet Metal Workers,"131,570",23.30,"48,460"
990,47-2221,Structural Iron and Steel Workers,"77,410",25.95,"53,970"
995,47-3011,"Helpers--Brickmasons, Blockmasons, Stonemasons, and Tile and Marble Setters","24,340",16.05,"33,380"
996,47-3012,Helpers--Carpenters,"33,020",14.85,"30,880"
997,47-3013,Helpers--Electricians,"75,970",15.10,"31,410"
998,47-3014,"Helpers--Painters, Paperhangers, Plasterers, and Stucco Masons","10,600",14.40,"29,960"
999,47-3015,"Helpers--Pipelayers, Plumbers, Pipefitters, and Steamfitters","54,710",14.89,"30,980"
1000,47-3016,Helpers--Roofers,"8,630",14.61,"30,390"
1004,47-4011,Construction and Building Inspectors,"104,090",28.70,"59,700"
1006,47-4021,Elevator Installers and Repairers,"26,830",38.36,"79,780"
1008,47-4031,Fence Erectors,"23,530",16.73,"34,800"
1010,47-4041,Hazardous Materials Removal Workers,"44,000",20.21,"42,030"
1012,47-4051,Highway Maintenance Workers,"149,260",19.08,"39,690"
1014,47-4061,Rail-Track Laying and Maintenance Equipment Operators,"14,410",27.37,"56,930"
1016,47-4071,Septic Tank Servicers and Sewer Pipe Cleaners,"27,090",18.74,"38,970"
1021,47-5011,"Derrick Operators, Oil and Gas","11,310",22.17,"46,120"
1022,47-5012,"Rotary Drill Operators, Oil and Gas","18,010",25.86,"53,800"
1023,47-5013,"Service Unit Operators, Oil, Gas, and Mining","49,710",23.01,"47,860"
1025,47-5021,"Earth Drillers, Except Oil and Gas","18,270",21.36,"44,430"
1027,47-5031,"Explosives Workers, Ordnance Handling Experts, and Blasters","5,640",23.97,"49,860"
1029,47-5041,Continuous Mining Machine Operators,"14,710",26.21,"54,520"
1030,47-5042,Mine Cutting and Channeling Machine Operators,"4,920",22.68,"47,170"
1033,47-5051,"Rock Splitters, Quarry","4,870",16.71,"34,750"
1035,47-5061,"Roof Bolters, Mining","3,250",28.20,"58,650"
1037,47-5071,"Roustabouts, Oil and Gas","54,810",18.07,"37,580"
1039,47-5081,Helpers--Extraction Workers,"15,930",17.48,"36,350"
1045,49-1011,"First-Line Supervisors of Mechanics, Installers, and Repairers","471,820",31.80,"66,140"
1048,49-2011,"Computer, Automated Teller, and Office Machine Repairers","102,810",18.50,"38,480"
1050,49-2021,"Radio, Cellular, and Tower Equipment Installers and Repairers","13,930",26.39,"54,890"
1051,49-2022,"Telecommunications Equipment Installers and Repairers, Except Line Installers","229,890",26.97,"56,100"
1053,49-2091,Avionics Technicians,"18,860",30.84,"64,140"
1054,49-2092,"Electric Motor, Power Tool, and Related Repairers","15,800",20.60,"42,840"
1055,49-2093,"Electrical and Electronics Installers and Repairers, Transportation Equipment","11,680",29.01,"60,340"
1056,49-2094,"Electrical and Electronics Repairers, Commercial and Industrial Equipment","59,520",27.94,"58,110"
1057,49-2095,"Electrical and Electronics Repairers, Powerhouse, Substation, and Relay","22,980",38.56,"80,200"
1058,49-2096,"Electronic Equipment Installers and Repairers, Motor Vehicles","10,880",17.11,"35,590"
1059,49-2097,Electronic Home Entertainment Equipment Installers and Repairers,"26,070",18.35,"38,160"
1060,49-2098,Security and Fire Alarm Systems Installers,"70,900",22.69,"47,190"
1063,49-3011,Aircraft Mechanics and Service Technicians,"131,690",30.25,"62,920"
1065,49-3021,Automotive Body and Related Repairers,"142,060",20.55,"42,730"
1066,49-3022,Automotive Glass Installers and Repairers,"19,640",16.43,"34,170"
1067,49-3023,Automotive Service Technicians and Mechanics,"648,050",19.57,"40,710"
1069,49-3031,Bus and Truck Mechanics and Diesel Engine Specialists,"264,860",22.76,"47,350"
1071,49-3041,Farm Equipment Mechanics and Service Technicians,"34,300",19.54,"40,630"
1072,49-3042,"Mobile Heavy Equipment Mechanics, Except Engines","140,260",24.96,"51,920"
1073,49-3043,Rail Car Repairers,"24,720",27.03,"56,220"
1075,49-3051,Motorboat Mechanics and Service Technicians,"22,280",19.32,"40,180"
1076,49-3052,Motorcycle Mechanics,"15,090",17.69,"36,790"
1077,49-3053,Outdoor Power Equipment and Other Small Engine Mechanics,"31,760",17.02,"35,400"
1079,49-3091,Bicycle Repairers,"12,200",13.92,"28,960"
1080,49-3092,Recreational Vehicle Service Technicians,"15,560",18.35,"38,160"
1081,49-3093,Tire Repairers and Changers,"111,620",13.41,"27,890"
1084,49-9011,Mechanical Door Repairers,"22,670",19.71,"41,010"
1085,49-9012,"Control and Valve Installers and Repairers, Except Mechanical Door","51,730",26.96,"56,070"
1087,49-9021,"Heating, Air Conditioning, and Refrigeration Mechanics and Installers","324,310",22.89,"47,610"
1089,49-9031,Home Appliance Repairers,"31,130",18.88,"39,270"
1091,49-9041,Industrial Machinery Mechanics,"362,440",25.16,"52,340"
1092,49-9043,"Maintenance Workers, Machinery","80,270",22.63,"47,060"
1093,49-9044,Millwrights,"43,810",26.47,"55,060"
1094,49-9045,"Refractory Materials Repairers, Except Brickmasons","1,120",25.09,"52,190"
1096,49-9051,Electrical Power-Line Installers and Repairers,"114,800",34.09,"70,910"
1097,49-9052,Telecommunications Line Installers and Repairers,"118,200",28.02,"58,280"
1099,49-9061,Camera and Photographic Equipment Repairers,"3,690",19.53,"40,620"
1100,49-9062,Medical Equipment Repairers,"46,320",23.66,"49,210"
1101,49-9063,Musical Instrument Repairers and Tuners,"8,450",17.47,"36,330"
1102,49-9064,Watch Repairers,"2,610",19.19,"39,910"
1105,49-9071,"Maintenance and Repair Workers, General","1,384,240",18.42,"38,300"
1109,49-9091,"Coin, Vending, and Amusement Machine Servicers and Repairers","32,920",16.61,"34,560"
1110,49-9092,Commercial Divers,"3,380",23.63,"49,140"
1111,49-9093,"Fabric Menders, Except Garment",400,14.77,"30,730"
1112,49-9094,Locksmiths and Safe Repairers,"16,970",19.93,"41,450"
1113,49-9095,Manufactured Building and Mobile Home Installers,"2,920",15.40,"32,040"
1114,49-9096,Riggers,"20,970",24.22,"50,370"
1115,49-9097,Signal and Track Switch Repairers,"7,730",33.89,"70,490"
1116,49-9098,"Helpers--Installation, Maintenance, and Repair Workers","105,040",14.16,"29,450"
1121,51-1011,First-Line Supervisors of Production and Operating Workers,"622,790",29.05,"60,420"
1124,51-2011,"Aircraft Structure, Surfaces, Rigging, and Systems Assemblers","43,150",25.64,"53,340"
1126,51-2021,"Coil Winders, Tapers, and Finishers","12,190",16.54,"34,400"
1129,51-2031,Engine and Other Machine Assemblers,"48,200",21.34,"44,380"
1131,51-2041,Structural Metal Fabricators and Fitters,"76,090",18.89,"39,290"
1133,51-2091,Fiberglass Laminators and Fabricators,"21,190",16.59,"34,500"
1134,51-2093,Timing Device Assemblers and Adjusters,780,16.66,"34,650"
1138,51-3011,Bakers,"180,010",12.75,"26,520"
1140,51-3021,Butchers and Meat Cutters,"133,670",15.18,"31,580"
1141,51-3022,"Meat, Poultry, and Fish Cutters and Trimmers","156,440",12.96,"26,950"
1142,51-3023,Slaughterers and Meat Packers,"75,550",13.59,"28,260"
1144,51-3091,"Food and Tobacco Roasting, Baking, and Drying Machine Operators and Tenders","21,060",14.83,"30,840"
1145,51-3092,Food Batchmakers,"160,160",14.29,"29,720"
1146,51-3093,Food Cooking Machine Operators and Tenders,"32,260",14.48,"30,120"
1150,51-4011,"Computer-Controlled Machine Tool Operators, Metal and Plastic","148,150",19.26,"40,070"
1151,51-4012,"Computer Numerically Controlled Machine Tool Programmers, Metal and Plastic","23,770",25.57,"53,190"
1153,51-4021,"Extruding and Drawing Machine Setters, Operators, and Tenders, Metal and Plastic","75,610",16.90,"35,150"
1154,51-4022,"Forging Machine Setters, Operators, and Tenders, Metal and Plastic","18,330",18.70,"38,900"
1155,51-4023,"Rolling Machine Setters, Operators, and Tenders, Metal and Plastic","26,700",18.58,"38,650"
1157,51-4031,"Cutting, Punching, and Press Machine Setters, Operators, and Tenders, Metal and Plastic","186,640",16.57,"34,460"
1158,51-4032,"Drilling and Boring Machine Tool Setters, Operators, and Tenders, Metal and Plastic","11,400",18.28,"38,020"
1159,51-4033,"Grinding, Lapping, Polishing, and Buffing Machine Tool Setters, Operators, and Tenders, Metal and Plastic","71,870",16.76,"34,850"
1160,51-4034,"Lathe and Turning Machine Tool Setters, Operators, and Tenders, Metal and Plastic","29,510",18.84,"39,180"
1161,51-4035,"Milling and Planing Machine Setters, Operators, and Tenders, Metal and Plastic","19,440",20.95,"43,590"
1163,51-4041,Machinists,"384,350",20.97,"43,630"
1165,51-4051,Metal-Refining Furnace Operators and Tenders,"17,670",19.82,"41,220"
1166,51-4052,"Pourers and Casters, Metal","7,850",18.14,"37,730"
1168,51-4061,"Model Makers, Metal and Plastic","5,210",26.98,"56,130"
1169,51-4062,"Patternmakers, Metal and Plastic","2,880",22.04,"45,840"
1171,51-4071,Foundry Mold and Coremakers,"15,600",17.04,"35,430"
1172,51-4072,"Molding, Coremaking, and Casting Machine Setters, Operators, and Tenders, Metal and Plastic","164,110",15.13,"31,480"
1174,51-4081,"Multiple Machine Tool Setters, Operators, and Tenders, Metal and Plastic","133,840",17.01,"35,390"
1176,51-4111,Tool and Die Makers,"72,700",25.36,"52,750"
1178,51-4121,"Welders, Cutters, Solderers, and Brazers","389,190",19.89,"41,380"
1179,51-4122,"Welding, Soldering, and Brazing Machine Setters, Operators, and Tenders","35,080",18.11,"37,670"
1181,51-4191,"Heat Treating Equipment Setters, Operators, and Tenders, Metal and Plastic","19,690",18.04,"37,520"
1182,51-4192,"Layout Workers, Metal and Plastic","8,170",23.03,"47,900"
1183,51-4193,"Plating and Coating Machine Setters, Operators, and Tenders, Metal and Plastic","40,070",15.58,"32,420"
1184,51-4194,"Tool Grinders, Filers, and Sharpeners","7,070",18.34,"38,140"
1188,51-5111,Prepress Technicians and Workers,"29,990",19.43,"40,410"
1189,51-5112,Printing Press Operators,"173,470",17.41,"36,220"
1190,51-5113,Print Binding and Finishing Workers,"45,690",15.81,"32,890"
1193,51-6011,Laundry and Dry-Cleaning Workers,"213,350",11.16,"23,210"
1195,51-6021,"Pressers, Textile, Garment, and Related Materials","38,320",11.23,"23,350"
1197,51-6031,Sewing Machine Operators,"136,450",12.03,"25,030"
1199,51-6041,Shoe and Leather Workers and Repairers,"8,640",13.87,"28,840"
1200,51-6042,Shoe Machine Operators and Tenders,"3,810",14.63,"30,430"
1202,51-6051,"Sewers, Hand","5,350",13.78,"28,650"
1203,51-6052,"Tailors, Dressmakers, and Custom Sewers","21,150",14.90,"31,000"
1205,51-6061,Textile Bleaching and Dyeing Machine Operators and Tenders,"9,330",13.84,"28,780"
1206,51-6062,"Textile Cutting Machine Setters, Operators, and Tenders","13,310",13.57,"28,220"
1207,51-6063,"Textile Knitting and Weaving Machine Setters, Operators, and Tenders","21,190",14.02,"29,160"
1208,51-6064,"Textile Winding, Twisting, and Drawing Out Machine Setters, Operators, and Tenders","31,650",13.90,"28,920"
1210,51-6091,"Extruding and Forming Machine Setters, Operators, and Tenders, Synthetic and Glass Fibers","18,130",16.44,"34,200"
1211,51-6092,Fabric and Apparel Patternmakers,"5,220",19.50,"40,560"
1212,51-6093,Upholsterers,"32,870",16.58,"34,480"
1216,51-7011,Cabinetmakers and Bench Carpenters,"102,100",16.70,"34,740"
1218,51-7021,Furniture Finishers,"17,250",15.36,"31,950"
1220,51-7031,"Model Makers, Wood",740,25.53,"53,100"
1221,51-7032,"Patternmakers, Wood",530,29.30,"60,940"
1223,51-7041,"Sawing Machine Setters, Operators, and Tenders, Wood","52,260",14.18,"29,500"
1224,51-7042,"Woodworking Machine Setters, Operators, and Tenders, Except Sawing","78,980",14.29,"29,730"
1229,51-8011,Nuclear Power Reactor Operators,"6,280",45.36,"94,350"
1230,51-8012,Power Distributors and Dispatchers,"11,620",41.54,"86,410"
1231,51-8013,Power Plant Operators,"33,920",38.27,"79,610"
1233,51-8021,Stationary Engineers and Boiler Operators,"31,710",29.06,"60,440"
1235,51-8031,Water and Wastewater Treatment Plant and System Operators,"123,650",22.49,"46,780"
1237,51-8091,Chemical Plant and System Operators,"28,190",29.84,"62,060"
1238,51-8092,Gas Plant Operators,"14,620",34.17,"71,070"
1239,51-8093,"Petroleum Pump System Operators, Refinery Operators, and Gaugers","38,930",34.07,"70,860"
1240,51-8099,"Plant and System Operators, All Other","12,270",27.45,"57,100"
1243,51-9011,Chemical Equipment Operators and Tenders,"82,880",23.45,"48,770"
1244,51-9012,"Separating, Filtering, Clarifying, Precipitating, and Still Machine Setters, Operators, and Tenders","49,770",19.62,"40,810"
1246,51-9021,"Crushing, Grinding, and Polishing Machine Setters, Operators, and Tenders","31,890",17.50,"36,400"
1247,51-9022,"Grinding and Polishing Workers, Hand","30,280",14.21,"29,550"
1248,51-9023,"Mixing and Blending Machine Setters, Operators, and Tenders","128,600",17.89,"37,210"
1250,51-9031,"Cutters and Trimmers, Hand","10,580",14.13,"29,390"
1251,51-9032,"Cutting and Slicing Machine Setters, Operators, and Tenders","60,840",16.64,"34,620"
1253,51-9041,"Extruding, Forming, Pressing, and Compacting Machine Setters, Operators, and Tenders","72,870",16.89,"35,120"
1255,51-9051,"Furnace, Kiln, Oven, Drier, and Kettle Operators and Tenders","17,730",18.83,"39,160"
1257,51-9061,"Inspectors, Testers, Sorters, Samplers, and Weighers","557,510",18.39,"38,250"
1259,51-9071,Jewelers and Precious Stone and Metal Workers,"25,910",18.96,"39,440"
1261,51-9081,Dental Laboratory Technicians,"34,480",19.44,"40,440"
1262,51-9082,Medical Appliance Technicians,"14,670",18.84,"39,190"
1263,51-9083,Ophthalmic Laboratory Technicians,"27,960",15.30,"31,830"
1265,51-9111,Packaging and Filling Machine Operators and Tenders,"395,330",14.50,"30,160"
1267,51-9121,"Coating, Painting, and Spraying Machine Setters, Operators, and Tenders","88,560",16.73,"34,800"
1268,51-9122,"Painters, Transportation Equipment","55,710",20.33,"42,280"
1269,51-9123,"Painting, Coating, and Decorating Workers","12,200",14.93,"31,050"
1271,51-9141,Semiconductor Processors,"25,730",17.92,"37,270"
1273,51-9151,Photographic Process Workers and Processing Machine Operators,"16,680",14.03,"29,180"
1275,51-9191,Adhesive Bonding Machine Operators and Tenders,"16,310",16.26,"33,820"
1276,51-9192,"Cleaning, Washing, and Metal Pickling Equipment Operators and Tenders","17,630",14.80,"30,790"
1277,51-9193,Cooling and Freezing Equipment Operators and Tenders,"8,820",15.58,"32,410"
1278,51-9194,Etchers and Engravers,"8,600",15.06,"31,330"
1279,51-9195,"Molders, Shapers, and Casters, Except Metal and Plastic","42,500",16.03,"33,340"
1280,51-9196,"Paper Goods Machine Setters, Operators, and Tenders","97,960",18.62,"38,730"
1281,51-9197,Tire Builders,"23,920",22.42,"46,630"
1282,51-9198,Helpers--Production Workers,"350,410",13.33,"27,730"
1287,53-1011,Aircraft Cargo Handling Supervisors,"8,920",23.37,"48,610"
1292,53-2011,"Airline Pilots, Copilots, and Flight Engineers","82,890",*,"140,340"
1293,53-2012,Commercial Pilots,"37,870",*,"82,240"
1295,53-2021,Air Traffic Controllers,"22,390",59.87,"124,540"
1296,53-2022,Airfield Operations Specialists,"9,960",25.10,"52,200"
1298,53-2031,Flight Attendants,"118,770",*,"56,000"
1301,53-3011,"Ambulance Drivers and Attendants, Except Emergency Medical Technicians","15,380",12.38,"25,750"
1303,53-3021,"Bus Drivers, Transit and Intercity","174,110",20.23,"42,080"
1304,53-3022,"Bus Drivers, School or Special Client","504,150",15.58,"32,420"
1306,53-3031,Driver/Sales Workers,"414,860",11.88,"24,700"
1307,53-3032,Heavy and Tractor-Trailer Truck Drivers,"1,800,330",21.00,"43,680"
1308,53-3033,Light Truck or Delivery Services Drivers,"915,310",15.78,"32,810"
1310,53-3041,Taxi Drivers and Chauffeurs,"207,920",12.49,"25,980"
1315,53-4011,Locomotive Engineers,"34,850",29.86,"62,100"
1316,53-4012,Locomotive Firers,560,30.69,"63,820"
1317,53-4013,"Rail Yard Engineers, Dinkey Operators, and Hostlers","5,690",25.30,"52,630"
1319,53-4021,"Railroad Brake, Signal, and Switch Operators","14,270",27.53,"57,260"
1321,53-4031,Railroad Conductors and Yardmasters,"42,360",30.26,"62,930"
1323,53-4041,Subway and Streetcar Operators,"8,850",32.78,"68,170"
1328,53-5011,Sailors and Marine Oilers,"32,220",19.66,"40,900"
1330,53-5021,"Captains, Mates, and Pilots of Water Vessels","36,390",33.26,"69,180"
1331,53-5022,Motorboat Operators,"2,510",24.18,"50,290"
1333,53-5031,Ship Engineers,"8,740",34.20,"71,130"
1336,53-6011,Bridge and Lock Tenders,"3,170",24.19,"50,320"
1338,53-6021,Parking Lot Attendants,"145,900",11.47,"23,870"
1340,53-6031,Automotive and Watercraft Service Attendants,"113,760",11.64,"24,200"
1342,53-6041,Traffic Technicians,"7,290",22.39,"46,570"
1344,53-6051,Transportation Inspectors,"29,990",35.47,"73,780"
1346,53-6061,"Transportation Attendants, Except Flight Attendants","25,460",12.87,"26,760"
1351,53-7011,Conveyor Operators and Tenders,"23,390",15.86,"32,980"
1353,53-7021,Crane and Tower Operators,"44,410",26.03,"54,140"
1355,53-7031,Dredge Operators,"1,190",21.76,"45,260"
1356,53-7032,Excavating and Loading Machine and Dragline Operators,"46,090",21.28,"44,270"
1357,53-7033,"Loading Machine Operators, Underground Mining","2,500",24.60,"51,160"
1359,53-7041,Hoist and Winch Operators,"3,180",21.87,"45,490"
1361,53-7051,Industrial Truck and Tractor Operators,"604,130",16.71,"34,750"
1363,53-7061,Cleaners of Vehicles and Equipment,"378,850",11.79,"24,530"
1364,53-7062,"Laborers and Freight, Stock, and Material Movers, Hand","2,893,180",13.59,"28,260"
1365,53-7063,Machine Feeders and Offbearers,"66,380",14.21,"29,560"
1366,53-7064,"Packers and Packagers, Hand","663,970",11.82,"24,580"
1368,53-7071,Gas Compressor and Gas Pumping Station Operators,"3,460",31.35,"65,210"
1369,53-7072,"Pump Operators, Except Wellhead Pumpers","10,820",21.34,"44,380"
1370,53-7073,Wellhead Pumpers,"13,280",25.72,"53,490"
1372,53-7081,Refuse and Recyclable Material Collectors,"118,520",17.92,"37,260"
1374,53-7111,Mine Shuttle Car Operators,"1,690",27.09,"56,340"
1376,53-7121,"Tank Car, Truck, and Ship Loaders","9,000",18.38,"38,220"
